<annotation>
	<folder>VOC2007</folder>
	<filename>v02_023625.jpg</filename>
	<source>
		<database>0</database>
		<annotation>0</annotation>
		<image>0</image>
		<flickrid>0</flickrid>
	</source>
	<owner>
		<flickrid>0</flickrid>
		<name>0</name>
	</owner>
	<size>
		<width>774</width>
		<height>434</height>
		<depth>3</depth>
	</size>
	<segmented>0</segmented>
	<object>
		<name>Clipper</name>
		<pose>Unspecified</pose>
		<truncated>0</truncated>
		<difficult>0</difficult>
		<bndbox>
			<xmin>427</xmin>
			<ymin>233</ymin>
			<xmax>676</xmax>
			<ymax>407</ymax>
		</bndbox>
	</object>
	<object>
		<name>Grasper</name>
		<pose>Unspecified</pose>
		<truncated>0</truncated>
		<difficult>0</difficult>
		<bndbox>
			<xmin>69</xmin>
			<ymin>124</ymin>
			<xmax>251</xmax>
			<ymax>234</ymax>
		</bndbox>
	</object>
</annotation>
