<annotation>
	<folder>VOC2007</folder>
	<filename>v02_012550.jpg</filename>
	<source>
		<database>0</database>
		<annotation>0</annotation>
		<image>0</image>
		<flickrid>0</flickrid>
	</source>
	<owner>
		<flickrid>0</flickrid>
		<name>0</name>
	</owner>
	<size>
		<width>774</width>
		<height>434</height>
		<depth>3</depth>
	</size>
	<segmented>0</segmented>
	<object>
		<name>Irrigator</name>
		<pose>Unspecified</pose>
		<truncated>0</truncated>
		<difficult>0</difficult>
		<bndbox>
			<xmin>419</xmin>
			<ymin>167</ymin>
			<xmax>618</xmax>
			<ymax>274</ymax>
		</bndbox>
	</object>
	<object>
		<name>Grasper</name>
		<pose>Unspecified</pose>
		<truncated>0</truncated>
		<difficult>0</difficult>
		<bndbox>
			<xmin>101</xmin>
			<ymin>58</ymin>
			<xmax>447</xmax>
			<ymax>167</ymax>
		</bndbox>
	</object>
</annotation>
