<annotation>
	<folder>VOC2007</folder>
	<filename>v03_055325.jpg</filename>
	<source>
		<database>0</database>
		<annotation>0</annotation>
		<image>0</image>
		<flickrid>0</flickrid>
	</source>
	<owner>
		<flickrid>0</flickrid>
		<name>0</name>
	</owner>
	<size>
		<width>716</width>
		<height>402</height>
		<depth>3</depth>
	</size>
	<segmented>0</segmented>
	<object>
		<name>Grasper</name>
		<pose>Unspecified</pose>
		<truncated>0</truncated>
		<difficult>0</difficult>
		<bndbox>
			<xmin>45</xmin>
			<ymin>209</ymin>
			<xmax>173</xmax>
			<ymax>275</ymax>
		</bndbox>
	</object>
	<object>
		<name>Grasper</name>
		<pose>Unspecified</pose>
		<truncated>0</truncated>
		<difficult>0</difficult>
		<bndbox>
			<xmin>233</xmin>
			<ymin>4</ymin>
			<xmax>424</xmax>
			<ymax>77</ymax>
		</bndbox>
	</object>
	<object>
		<name>Scissors</name>
		<pose>Unspecified</pose>
		<truncated>0</truncated>
		<difficult>0</difficult>
		<bndbox>
			<xmin>332</xmin>
			<ymin>130</ymin>
			<xmax>533</xmax>
			<ymax>265</ymax>
		</bndbox>
	</object>
</annotation>