<annotation>
	<folder>VOC2007</folder>
	<filename>v03_108600.jpg</filename>
	<source>
		<database>0</database>
		<annotation>0</annotation>
		<image>0</image>
		<flickrid>0</flickrid>
	</source>
	<owner>
		<flickrid>0</flickrid>
		<name>0</name>
	</owner>
	<size>
		<width>716</width>
		<height>402</height>
		<depth>3</depth>
	</size>
	<segmented>0</segmented>
	<object>
		<name>SpecimenBag</name>
		<pose>Unspecified</pose>
		<truncated>0</truncated>
		<difficult>0</difficult>
		<bndbox>
			<xmin>257</xmin>
			<ymin>121</ymin>
			<xmax>535</xmax>
			<ymax>294</ymax>
		</bndbox>
	</object>
	<object>
		<name>Grasper</name>
		<pose>Unspecified</pose>
		<truncated>0</truncated>
		<difficult>0</difficult>
		<bndbox>
			<xmin>189</xmin>
			<ymin>164</ymin>
			<xmax>331</xmax>
			<ymax>268</ymax>
		</bndbox>
	</object>
	<object>
		<name>Grasper</name>
		<pose>Unspecified</pose>
		<truncated>0</truncated>
		<difficult>0</difficult>
		<bndbox>
			<xmin>440</xmin>
			<ymin>103</ymin>
			<xmax>534</xmax>
			<ymax>183</ymax>
		</bndbox>
	</object>
</annotation>
