<annotation>
	<folder>VOC2007</folder>
	<filename>v03_111500.jpg</filename>
	<source>
		<database>0</database>
		<annotation>0</annotation>
		<image>0</image>
		<flickrid>0</flickrid>
	</source>
	<owner>
		<flickrid>0</flickrid>
		<name>0</name>
	</owner>
	<size>
		<width>716</width>
		<height>402</height>
		<depth>3</depth>
	</size>
	<segmented>0</segmented>
	<object>
		<name>SpecimenBag</name>
		<pose>Unspecified</pose>
		<truncated>0</truncated>
		<difficult>0</difficult>
		<bndbox>
			<xmin>130</xmin>
			<ymin>137</ymin>
			<xmax>306</xmax>
			<ymax>268</ymax>
		</bndbox>
	</object>
	<object>
		<name>Grasper</name>
		<pose>Unspecified</pose>
		<truncated>0</truncated>
		<difficult>0</difficult>
		<bndbox>
			<xmin>212</xmin>
			<ymin>307</ymin>
			<xmax>323</xmax>
			<ymax>391</ymax>
		</bndbox>
	</object>
</annotation>
